timestamp,open,high,low,close,volume
1751328000000,99.86007197062465,100.00279431434339,99.75793599252899,99.86007197062465,351.7593192130316
1751328300000,99.86007197062465,100.23428351002217,99.55152147402472,99.87094563819413,379.5157062885835
1751328600000,99.87094563819413,100.11256695615582,99.68436624418224,99.90492059924009,94.15818923670383
1751328900000,99.90492059924009,100.11264374442587,99.40692857457842,99.77398977501663,102.5590454518311
1751329200000,99.77398977501663,100.1270814708019,99.6409526401426,99.84054813143307,388.68643681209625
1751329500000,99.84054813143307,100.43856619882163,100.1066536739551,100.2422627651767,120.24003297322163
1751329800000,100.2422627651767,100.52744248984355,99.79999604943494,100.14955336371955,418.70909986684813
1751330100000,100.14955336371955,100.56851574379128,100.04531222620732,100.21172988923543,148.1272223456063
1751330400000,100.21172988923543,100.24744044103659,99.7714714444949,100.07381983275837,287.7494728381883
1751330700000,100.07381983275837,100.4567445962506,99.95514101580268,100.20467189809854,474.96880250174405
1751331000000,100.20467189809854,100.24203370978637,99.85126095167723,99.93773943754812,204.38421595188754
1751331300000,99.93773943754812,100.53547714701993,99.80855962176668,100.16149050580734,348.0689204199295
1751331600000,100.16149050580734,100.52705253784517,99.91000246816346,100.25714959093494,109.2407931489607
1751331900000,100.25714959093494,100.35986496891213,99.91736408138075,100.09414923219593,300.6057324217187
1751332200000,100.09414923219593,100.21970925731947,99.76484866346782,99.89848273143177,432.02530372083186
1751332500000,99.89848273143177,100.37037808694473,99.72049777682905,100.09600306659357,227.62375023355955
1751332800000,100.09600306659357,100.20904490811571,99.84187131102414,100.13160859392173,93.72743696480244
1751333100000,100.13160859392173,100.25341196457704,99.57794155138635,99.96259469216096,74.5522532553828
1751333400000,99.96259469216096,100.10205970245019,99.55002974146149,99.76263454704667,62.461669626324394
1751333700000,99.76263454704667,99.76124786910016,99.31727572712022,99.62089853738806,328.71054029271784
1751334000000,99.62089853738806,99.72083395572443,99.24958887194198,99.62417478120237,326.7991239422111
1751334300000,99.62417478120237,99.79622801409442,99.5775200833499,99.65270843918954,414.637216557507
1751334600000,99.65270843918954,100.0316704412001,99.3196625758595,99.65989257467164,92.62796464426445
1751334900000,99.65989257467164,99.84225860661117,99.3085271704207,99.47973653385363,364.9425546991326
1751335200000,99.47973653385363,99.93704514257512,99.20730281881501,99.5823965567611,336.1516937877683
1751335500000,99.5823965567611,100.15682950107137,99.42400467219124,99.75990748727546,148.00684271522908
1751335800000,99.75990748727546,100.05170852261398,99.61803585683208,99.83259870748475,338.8836792890525
1751336100000,99.83259870748475,100.09658844689143,99.68456099617694,99.89092506230152,100.30129246697054
1751336400000,99.89092506230152,99.92652428019379,99.29596391888039,99.66428371903807,76.21806367080973
1751336700000,99.66428371903807,100.0812448657403,99.47711264837055,99.73897321671048,335.75070604716325
1751337000000,99.73897321671048,99.42058332747719,98.96591225265752,99.25857269637612,87.40310071987241
1751337300000,99.25857269637612,99.46681065407283,98.711114424,99.07521346532585,364.26360843765883
1751337600000,99.07521346532585,99.07651823485729,98.67850171958644,98.76294368711324,163.11274835928165
1751337900000,98.76294368711324,98.77462897614713,98.27142008350523,98.4936906522675,132.73451802187805
1751338200000,98.4936906522675,98.25268568923762,97.68541613076364,97.96080208706088,352.2374490904642
1751338500000,97.96080208706088,97.75125155008911,97.44882747385158,97.5083778244499,267.70209474225726
1751338800000,97.5083778244499,97.65905000709438,96.91855288984785,97.27992163062513,421.0113621526367
1751339100000,97.27992163062513,97.5049823898206,97.03404646434888,97.28219181551427,247.75079816477307
1751339400000,97.28219181551427,97.61812479491479,96.89895094791702,97.25661905655836,433.8470386231497
1751339700000,97.25661905655836,97.66899126002764,97.15203924240977,97.38757011041214,361.88090442684495
1751340000000,97.38757011041214,97.73799718263031,97.36973310288559,97.55089301940511,278.1696685314754
1751340300000,97.55089301940511,97.70721292159722,97.34653958290679,97.5433470665904,123.01706152063412
1751340600000,97.5433470665904,98.08848094888747,97.82805007990135,97.88566064051109,304.7421719416184
1751340900000,97.88566064051109,98.39186639405216,97.9073682266785,98.23722505584657,213.3190009516349
1751341200000,98.23722505584657,98.57515668509146,98.36282116090256,98.42569355599232,173.9268623290812
1751341500000,98.42569355599232,98.41711610565469,97.98361442263943,98.36035764791096,320.186781645534
1751341800000,98.36035764791096,98.35649316674701,98.16240376189178,98.2285885949636,403.34400093209496
1751342100000,98.2285885949636,98.45896232008673,98.09065361899779,98.14696634387865,245.65121947210028
1751342400000,98.14696634387865,98.73171296094492,98.45278428730087,98.52887156796353,98.10854139300224
1751342700000,98.52887156796353,98.55244016347748,97.93496111203166,98.20809501154966,322.21823244460927
1751343000000,98.20809501154966,98.68782476407632,98.34661520721835,98.61504888939396,472.09238569438554
1751343300000,98.61504888939396,98.83284414371568,98.36697098027723,98.71401187012906,468.81157357988076
1751343600000,98.71401187012906,98.98812293145302,98.54845826741077,98.93037515420443,77.80583494397766
1751343900000,98.93037515420443,99.28462074177685,98.83653704838136,99.13913269430657,191.28682342832235
1751344200000,99.13913269430657,99.33966269988649,98.88439946081049,99.2090866543796,329.28691367865383
1751344500000,99.2090866543796,99.73234839488333,99.40101913184161,99.46425631424114,404.3902377364071
1751344800000,99.46425631424114,99.69930556485676,99.45882620862416,99.64646271655518,432.5493736172726
1751345100000,99.64646271655518,99.59239218074994,98.93310016838181,99.2599949402618,436.1481375723293
1751345400000,99.2599949402618,99.44387104782294,99.09281284015233,99.21267410750208,116.01830342594107
1751345700000,99.21267410750208,99.16515772522956,98.80040523587175,99.08397491304049,84.33813292783083
1751346000000,99.08397491304049,99.53828238212552,99.12247377177894,99.19263252298735,272.2925106430819
1751346300000,99.19263252298735,99.42139123504178,99.18973301356694,99.24133636656369,409.0153670812788
1751346600000,99.24133636656369,99.69967448848375,99.37015326825778,99.43673319729064,272.77176306089564
1751346900000,99.43673319729064,99.8361281069247,99.23164002874256,99.5066364337081,215.19727480053982
1751347200000,99.5066364337081,99.72295094017174,99.58097054534035,99.64690666608412,188.66217122717592
1751347500000,99.64690666608412,99.63441645717923,99.32901592606764,99.54632826337539,56.81473635598966
1751347800000,99.54632826337539,99.38660705315502,99.0185922704407,99.27943464374584,441.45026172800806
1751348100000,99.27943464374584,99.72091162154489,99.29770448026157,99.56976239380121,119.88632617002999
1751348400000,99.56976239380121,99.34920273889209,99.14376069287077,99.29776923757665,229.98082805831024
1751348700000,99.29776923757665,99.83758291530337,99.59769727285502,99.69256110587514,138.17465816691112
1751349000000,99.69256110587514,100.02133124528014,99.65246036962567,99.75088319800037,125.7212242858512
1751349300000,99.75088319800037,99.80745059922495,99.33485138403796,99.72386566411552,82.13879868687155
1751349600000,99.72386566411552,100.23074307458403,99.6397940908807,99.9520779762348,53.16935964749411
1751349900000,99.9520779762348,99.80395118552858,99.38309971264886,99.67549252518415,462.8571795827689
1751350200000,99.67549252518415,99.87911507776803,99.49141614941784,99.64951875879113,187.19191749954902
1751350500000,99.64951875879113,99.50816913540272,98.99394136585765,99.17667934231824,377.1139692463232
1751350800000,99.17667934231824,99.6914680027323,99.41341129260303,99.61593039073476,263.6491237902083
1751351100000,99.61593039073476,99.92396467405105,99.45815239202118,99.5696760534953,211.40180583284842
1751351400000,99.5696760534953,99.78646977815318,99.36101240292636,99.56854064716626,421.96078989948853
1751351700000,99.56854064716626,99.59903826006129,99.17002318726097,99.31417021086172,468.3334671301619
1751352000000,99.31417021086172,99.69584405177291,99.13077318664116,99.41774486390774,189.85651620428686
1751352300000,99.41774486390774,99.69949227964763,99.24357914556215,99.55729217195339,250.79883155813798
1751352600000,99.55729217195339,99.6906080338599,99.48826287628854,99.59213724751386,402.90422405072735
1751352900000,99.59213724751386,100.37276808100566,99.76337726678211,100.03698283255171,251.27690489091026
1751353200000,100.03698283255171,100.31495870128002,99.88721418490466,100.06626408224821,55.2681894133425
1751353500000,100.06626408224821,100.0771897492278,99.72517965732806,99.9499887564442,94.49518592798124
1751353800000,99.9499887564442,100.5161820150508,100.06083598520941,100.17964638044023,288.98935178038033
1751354100000,100.17964638044023,100.56165513977759,100.15311511397745,100.25730029349886,71.39526623750382
1751354400000,100.25730029349886,100.69015588427241,100.22447477536679,100.37422480142983,397.91420421942166
1751354700000,100.37422480142983,100.63046071207378,99.95586755140503,100.33934674804286,137.8994739901955
1751355000000,100.33934674804286,100.58199574146161,100.3488320151994,100.51392349303453,417.8505716506948
1751355300000,100.51392349303453,101.03037855118747,100.48331749251676,100.64441077282241,305.5262627530117
1751355600000,100.64441077282241,100.78175833855964,100.49026721918668,100.67803555758783,294.50819947663507
1751355900000,100.67803555758783,100.7626374060621,100.37231256667967,100.63246757926622,203.98942105523355
1751356200000,100.63246757926622,100.8523583279037,100.4006867265822,100.50358214489401,418.56266660710463
1751356500000,100.50358214489401,100.74858463162919,100.324381171057,100.634046432761,351.06357776117306
1751356800000,100.634046432761,101.09753438277778,100.58401099673225,100.83557957900808,112.90107721443086
1751357100000,100.83557957900808,101.13486153959515,100.49821820785141,100.88828119799471,481.6095992690767
1751357400000,100.88828119799471,100.90751705098018,100.35788370248684,100.67788744397518,268.6075295984671
1751357700000,100.67788744397518,101.06561622908507,100.6613981320775,100.71901578354311,454.750406619881
1751358000000,100.71901578354311,100.4390798290201,99.95214071802023,100.33896785203552,358.1668502975224
1751358300000,100.33896785203552,100.89352547313189,100.43952325493859,100.6706258235015,82.69985835019381
1751358600000,100.6706258235015,100.94121976504496,100.28389124813884,100.55864050117873,399.1403588700786
1751358900000,100.55864050117873,100.8014235468202,100.57099758676544,100.69861565280348,376.07125710939323
1751359200000,100.69861565280348,101.16757212926436,100.56595189284519,100.78925571314826,78.54481167637226
1751359500000,100.78925571314826,101.16680074404479,100.76953690937128,101.03291452849079,238.77018293505847
1751359800000,101.03291452849079,101.03072947354724,100.71641629752015,100.77678276598606,272.6993847636387
1751360100000,100.77678276598606,101.16220366810973,100.66947116608566,101.05008419545216,394.2966331526027
1751360400000,101.05008419545216,101.47777396747604,100.90662367016316,101.20232609577789,129.15212717756867
1751360700000,101.20232609577789,101.75900677789812,101.23032788055959,101.5283436015972,400.78201349004587
1751361000000,101.5283436015972,101.72461830351052,101.45277603734354,101.67290792598976,453.1152203836303
1751361300000,101.67290792598976,102.03552040515926,101.65913459066736,101.84959681751867,359.06729831593964
1751361600000,101.84959681751867,101.97214914295684,101.4378805706023,101.68821812752844,236.81333994901112
1751361900000,101.68821812752844,102.35481181548788,101.88599799301993,101.96390542038276,184.29840204277514
1751362200000,101.96390542038276,102.14546570363858,101.76714781360927,101.94374010316746,488.8529041215808
1751362500000,101.94374010316746,102.07793739476503,101.65729487515472,101.98112182263948,352.4237264135587
1751362800000,101.98112182263948,102.0415022861105,101.58220323502134,101.95597506009094,465.7712385133159
1751363100000,101.95597506009094,102.00103665130204,101.69266162960153,101.85553547423379,290.2547241887371
1751363400000,101.85553547423379,101.71569218690748,101.52580194136927,101.62455737489306,386.4730532329317
1751363700000,101.62455737489306,101.70813118216107,101.51926735299985,101.57679803094305,354.1783699150727
1751364000000,101.57679803094305,101.95629640408298,101.26524721636315,101.5694957067509,185.88296170538797
1751364300000,101.5694957067509,101.69628387540237,101.09404698777732,101.38350153526541,136.7142920366627
1751364600000,101.38350153526541,101.3518665028221,101.12973648427794,101.24628270218075,214.48051699655298
1751364900000,101.24628270218075,101.13978631868369,100.7490417485994,100.9953223221685,127.52503521910222
1751365200000,100.9953223221685,101.08137343871655,100.60189132417145,100.8840049390444,180.88177377419115
1751365500000,100.8840049390444,101.27538320199439,100.79300493369439,101.11402327415992,446.48026245516604
1751365800000,101.11402327415992,101.80515300086282,101.24525017204134,101.44202544734136,346.6601391643705
1751366100000,101.44202544734136,101.17410027810524,100.63822956584482,100.94350245597552,472.3560254940995
1751366400000,100.94350245597552,101.2833486169298,100.88894589830667,101.05409139949522,294.35820291351666
1751366700000,101.05409139949522,101.32477164063637,100.89449066672462,101.11185556434444,210.25445309792852
1751367000000,101.11185556434444,101.32742766478864,100.95331317402587,101.18697815106805,255.83636186514784
1751367300000,101.18697815106805,101.34764598209381,101.00578082516643,101.20039517206527,332.98758667158273
1751367600000,101.20039517206527,101.21935481193385,101.01160094788581,101.12243019319158,339.92830600320457
1751367900000,101.12243019319158,101.10870861630033,100.64690200924665,101.03743930100592,100.86571679472752
1751368200000,101.03743930100592,101.31055039490393,100.81495310663458,100.96972497346891,326.205491197575
1751368500000,100.96972497346891,101.05906289514496,100.7652855229344,100.96250744172077,112.51568927023007
1751368800000,100.96250744172077,101.27332843300107,100.71583094287297,101.07146162903994,484.8973928012606
1751369100000,101.07146162903994,101.3759236357058,101.07777262395108,101.28873182668715,404.7338783494382
1751369400000,101.28873182668715,100.99561481350294,100.65321720088217,100.84695906180856,271.2973095702607
1751369700000,100.84695906180856,101.13294197071093,100.85927612476749,101.00929248571276,167.33960523067876
1751370000000,101.00929248571276,101.29317635980743,100.70701987559428,100.90453177530239,105.65604549954314
1751370300000,100.90453177530239,101.45877302464636,101.21555288295417,101.29037588207136,52.29741464860676
1751370600000,101.29037588207136,101.54371074400774,100.9781738774715,101.3633365139687,197.32540818336574
1751370900000,101.3633365139687,101.78717809138988,101.4099514323577,101.5438828771293,337.8338615725214
1751371200000,101.5438828771293,101.52730473296762,101.21057866160592,101.4702795910282,275.0261797096996
1751371500000,101.4702795910282,101.30539811191069,100.82244450860753,101.07595428254473,173.7679621710746
1751371800000,101.07595428254473,101.23363033713603,100.89564696234788,101.04226770048403,164.23589787254323
1751372100000,101.04226770048403,101.50045820728491,101.15867330036225,101.23627322429415,178.8586209141172
1751372400000,101.23627322429415,101.3142366017144,101.07259384548104,101.13023422569712,190.92721231955582
1751372700000,101.13023422569712,101.3315920161352,100.8708308177678,101.01988426960071,121.58639850697217
1751373000000,101.01988426960071,101.66153594007667,101.2162666173761,101.2683334021181,167.26399135105981
1751373300000,101.2683334021181,101.3352866566742,101.0121906268138,101.27063723919926,423.73607687720425
1751373600000,101.27063723919926,101.86586575613595,101.18035051158924,101.56850078539115,187.25424789166505
1751373900000,101.56850078539115,101.74953159102564,101.45779707934297,101.57580268220582,273.16300756397857
1751374200000,101.57580268220582,101.44765142213508,101.11866945629603,101.37763364513008,423.1993546540979
1751374500000,101.37763364513008,101.70524534903117,101.17778677510141,101.53194944545166,268.5954102531062
1751374800000,101.53194944545166,101.77315863059454,101.33048575325908,101.57728718223971,304.08006842526527
1751375100000,101.57728718223971,101.97185722130646,101.20924432036611,101.58914632397662,267.27877040179885
1751375400000,101.58914632397662,101.96576805110156,101.48052830414548,101.81129378755615,130.1963298236489
1751375700000,101.81129378755615,101.90158846868806,101.60892160808001,101.69377019821594,433.8459653747104
1751376000000,101.69377019821594,101.98927947463605,101.42459018461528,101.69381426413555,363.0361769543053
1751376300000,101.69381426413555,101.65010514384159,101.40216882470932,101.5953684641581,196.17450129989717
1751376600000,101.5953684641581,101.52691258581402,101.2557711384951,101.32119802144398,264.2279791209569
1751376900000,101.32119802144398,101.68831910363214,101.34973732791079,101.59816657028381,495.21492239759027
1751377200000,101.59816657028381,101.98934288696793,101.44447211607034,101.63015354855868,220.89009603502805
1751377500000,101.63015354855868,101.79803734732195,101.53303226262572,101.72940304859232,357.5533722318324
1751377800000,101.72940304859232,101.99987690107574,101.60009977267347,101.70424958209315,390.4760969335357
1751378100000,101.70424958209315,102.36006027888764,101.90995484443094,101.96288595048219,300.9043891099025
1751378400000,101.96288595048219,102.26581848779021,101.82591708047292,102.15961569385526,259.4415158302935
1751378700000,102.15961569385526,102.29822024161176,101.91687631810355,102.15066389633552,482.7828847363377
1751379000000,102.15066389633552,102.5687365462551,102.15978758348287,102.3043568232485,202.23355927052614
1751379300000,102.3043568232485,102.56666184195892,102.0967744320928,102.41242961277757,263.3241890023264
1751379600000,102.41242961277757,102.90953449579726,102.49191558898907,102.66794340961184,89.54419629893673
1751379900000,102.66794340961184,102.78581388070523,102.31542001278623,102.57486076878605,395.54510740271553
1751380200000,102.57486076878605,102.81104424554407,102.44643330459283,102.5118446477059,483.20088811064403
1751380500000,102.5118446477059,102.88628018324233,102.43468508427273,102.61683791086925,406.5863671663112
1751380800000,102.61683791086925,102.79180292019754,102.34018877233879,102.42826125620223,280.9887668109331
1751381100000,102.42826125620223,102.78470709185903,102.48077824260022,102.53591522097545,425.86980261561297
1751381400000,102.53591522097545,103.19777405087206,102.57050551496933,102.86537436341041,126.68465341725768
1751381700000,102.86537436341041,103.16014727702509,102.92479595325312,103.06869046265263,289.9008287480824
1751382000000,103.06869046265263,103.35940487186924,102.93083632066704,103.2462702621138,468.6660010143812
1751382300000,103.2462702621138,103.72980755560603,103.50031502271486,103.56642497472049,164.96613832246913
1751382600000,103.56642497472049,103.99300261574717,103.58306004006224,103.76160711521389,235.67223351831188
1751382900000,103.76160711521389,103.80166344184447,103.33648621274068,103.63968084345703,258.66601045971186
1751383200000,103.63968084345703,103.7294429675066,103.27845969367168,103.46738280955516,366.3867701602809
1751383500000,103.46738280955516,103.53766135088694,103.20522809905698,103.47272260182136,498.3423517316266
1751383800000,103.47272260182136,104.23578793844877,103.66393051568977,103.88856933679611,465.4158820191392
1751384100000,103.88856933679611,104.55092501250158,104.15060454137439,104.32303844128914,127.90698520666733
1751384400000,104.32303844128914,104.47074217371032,104.15989911501431,104.36707957120501,380.70812532978346
1751384700000,104.36707957120501,104.54866854327639,104.17110938060553,104.28516858199868,347.6669920283261
1751385000000,104.28516858199868,105.00056154105147,104.43093043095656,104.66783733944806,197.6770168977908
1751385300000,104.66783733944806,104.84501575029684,104.42639418956382,104.63795630614771,55.10192983520468
1751385600000,104.63795630614771,104.89760116262319,104.21897803333907,104.60225173031128,467.6218769492158
1751385900000,104.60225173031128,104.54023886814217,104.19133012885067,104.3328535502451,224.57788179778794
1751386200000,104.3328535502451,104.73383217170397,104.28529777459374,104.55857769654308,373.86280566277776
1751386500000,104.55857769654308,104.91534582011866,104.60134823632717,104.77590819196438,449.25244570200283
1751386800000,104.77590819196438,105.11949391199646,104.71675620988671,104.99052703455646,332.6156931197227
1751387100000,104.99052703455646,105.3923532323235,104.91114780884483,105.16943381462141,448.6508340281049
1751387400000,105.16943381462141,104.80830507720289,104.57667583957272,104.6563304675311,315.9715103657813
1751387700000,104.6563304675311,104.77786291721608,104.55857571774109,104.65532204063547,474.6393281010531
1751388000000,104.65532204063547,104.84519982653224,104.45359837800675,104.73268115330377,464.3230531728863
1751388300000,104.73268115330377,105.11150670970659,104.59620234304371,104.71971305897466,324.0560578440685
1751388600000,104.71971305897466,105.15930956730318,104.59942217222087,104.91515744105922,351.04664312781716
1751388900000,104.91515744105922,105.21930781955831,104.53873075937474,104.87035092851059,122.07260226823996
1751389200000,104.87035092851059,105.36445751845048,104.81719208719831,105.21416450828345,494.99727637236913
1751389500000,105.21416450828345,105.30029809861823,104.90985413676249,105.04570027658693,496.64364641575713
1751389800000,105.04570027658693,104.94319200373845,104.57695873942022,104.86576605157747,203.88735573430952
1751390100000,104.86576605157747,105.12795287683741,104.72596820446957,104.79927390346394,410.9769703662629
1751390400000,104.79927390346394,104.83287896625137,104.58302658078351,104.68421898634315,200.4299639840054
1751390700000,104.68421898634315,104.83956115581708,104.28071666863043,104.59697161029399,413.20618985489807
1751391000000,104.59697161029399,104.77972520960199,104.50114090717122,104.55609621351536,71.66759030773625
1751391300000,104.55609621351536,104.65244606892318,104.246011689131,104.54742932013069,253.69205569200705
1751391600000,104.54742932013069,104.76601614438384,104.40997023197323,104.56540524749393,452.09788299749886
1751391900000,104.56540524749393,105.27919910552748,104.74861471591676,104.91565091647144,271.0693837079125
1751392200000,104.91565091647144,105.21374226698343,104.52524017390384,104.91108925432687,468.6851645071222
1751392500000,104.91108925432687,104.77689502086332,104.4541091459727,104.69362236629676,151.13928331620144
1751392800000,104.69362236629676,105.15849474972217,104.51727549258062,104.79351070273707,385.99492819283853
1751393100000,104.79351070273707,104.9635809509038,104.50774651589757,104.88092553062947,426.3653356199041
1751393400000,104.88092553062947,105.10396776005099,104.62693777674939,104.94283060471307,410.4686251988531
1751393700000,104.94283060471307,104.52169649682723,104.25999456474032,104.45163077244081,257.35644708217495
1751394000000,104.45163077244081,104.75022252297153,104.04489633914508,104.41730947929912,282.58041540895294
1751394300000,104.41730947929912,104.82746815660352,104.53965653999161,104.62276296298323,285.0737795982199
1751394600000,104.62276296298323,104.56898061520144,104.26357502471392,104.42354293350468,170.41271990151813
1751394900000,104.42354293350468,105.04419973980596,104.26911886185455,104.65897598010791,248.95329173192923
1751395200000,104.65897598010791,105.23031975456634,104.7201683763355,104.90668383847661,242.56274838098986
1751395500000,104.90668383847661,105.03011312975029,104.59753740511822,104.79075716864796,239.27280101487437
1751395800000,104.79075716864796,105.18306010701524,104.70131765033727,105.06027805124812,429.6557490359613
1751396100000,105.06027805124812,105.22477772199667,104.96581599128368,105.08600103825435,259.28346853368294
1751396400000,105.08600103825435,105.40234531361766,104.90371096972694,105.0084916196787,445.57738464099833
1751396700000,105.0084916196787,105.45849797668566,105.26899309084581,105.39068238300938,352.08396969720496
1751397000000,105.39068238300938,105.88768100458337,105.39740338948768,105.5606295588196,282.13936982311174
1751397300000,105.5606295588196,105.91298885969655,105.58734418093682,105.74065363533106,445.86280243253
1751397600000,105.74065363533106,106.13062937012184,105.520025038468,105.80686404112664,64.39740909175171
1751397900000,105.80686404112664,105.82765177627397,105.05770879999478,105.45643931534858,121.49766340277343
1751398200000,105.45643931534858,105.71830437288207,105.19035556762059,105.56188928436387,228.884162102426
1751398500000,105.56188928436387,105.75296950180443,105.07506840988947,105.36142806409289,304.9156798684148
1751398800000,105.36142806409289,105.57654287583706,105.05486662612456,105.22333487761904,390.4078566772368
1751399100000,105.22333487761904,105.52357962138922,105.14019973456574,105.29960457958616,166.81888883475736
1751399400000,105.29960457958616,105.65244717454785,105.18198658347963,105.31590132422036,430.3403064557737
1751399700000,105.31590132422036,105.22884993163744,104.87965682049202,104.93123039787307,236.2351761156671
1751400000000,104.93123039787307,105.01736869677292,104.26872256966341,104.63273020932404,199.28652190736545
1751400300000,104.63273020932404,105.00339179437027,104.58252228705706,104.64827450982973,321.89030698600817
1751400600000,104.64827450982973,104.80337265126606,104.14282715863031,104.46958319693721,445.747559856362
1751400900000,104.46958319693721,104.36397505039899,104.04881809929499,104.30539475040443,412.8855965207857
1751401200000,104.30539475040443,104.55406594732435,103.94843832520817,104.29037627927367,142.02109501357054
1751401500000,104.29037627927367,104.753248401489,104.09564968221308,104.35590337271273,265.6932806616473
1751401800000,104.35590337271273,104.57406364114358,104.08651287436992,104.29215508771952,110.8085310786233
1751402100000,104.29215508771952,104.5910361232433,104.14959747482989,104.48138815700146,65.21869940944524
1751402400000,104.48138815700146,104.25152052035646,103.82360452765973,104.19793361669515,232.23776908365454
1751402700000,104.19793361669515,104.47842028377374,103.78194353276439,104.13806737158089,372.1278523308198
1751403000000,104.13806737158089,104.1335825473888,103.92369409183722,104.01564294578718,223.91424385590227
1751403300000,104.01564294578718,104.21504582209278,103.4877649205731,103.86182035170964,295.3641613338782
1751403600000,103.86182035170964,104.19542702194353,103.62849634055542,103.87482127487105,146.22718583840748
1751403900000,103.87482127487105,104.07755500325395,103.49719394533612,103.73996076029132,154.65220101882633
1751404200000,103.73996076029132,104.1063328869999,103.34504852114458,103.73132113968452,260.6402362179735
1751404500000,103.73132113968452,104.03294459275132,103.35686051636513,103.72991501395362,278.8309027278825
1751404800000,103.72991501395362,104.20281248426747,103.77762242614978,103.84002799496581,223.7443076187077
1751405100000,103.84002799496581,104.15687448136458,103.75527090668255,103.94888020532123,483.5806109159146
1751405400000,103.94888020532123,103.73403863283212,103.25232732897031,103.62358281198358,334.6634531649794
1751405700000,103.62358281198358,103.62418398519195,103.00690045863108,103.3678818880987,238.18296204674488
1751406000000,103.3678818880987,103.78025917532064,103.35956926502237,103.51957687183912,287.89215556101186
1751406300000,103.51957687183912,103.48463970792815,102.95252217017372,103.34979014094615,249.2728652961578
1751406600000,103.34979014094615,103.55917138077916,103.25490580620823,103.35863416539854,349.21193553553553
1751406900000,103.35863416539854,103.63975363909611,103.25315509219452,103.32448074980759,152.57621107636947
1751407200000,103.32448074980759,103.20331464459382,102.80113221471152,103.05146439967827,118.97052665655242
1751407500000,103.05146439967827,103.59174561657227,102.97423564140045,103.19847320864582,213.06839285282456
1751407800000,103.19847320864582,103.99549353979417,103.42016568225532,103.69267538207399,303.7060295210289
1751408100000,103.69267538207399,103.7502338595185,103.3640569759291,103.67524857271239,457.2147523851315
1751408400000,103.67524857271239,104.14914409822285,103.67717697779514,103.7809610042138,347.95659466635163
1751408700000,103.7809610042138,104.01057948535954,103.45177084301066,103.76741401641152,389.2936796602029
1751409000000,103.76741401641152,104.01084029020049,103.65098489845518,103.85414733329003,172.10744604046
1751409300000,103.85414733329003,104.14307883806273,103.61975717251262,103.85954477254718,110.73592311141816
1751409600000,103.85954477254718,104.38787379895865,103.70057828525185,103.99235522900547,158.00559678461755
1751409900000,103.99235522900547,104.2427776001197,103.85118688103184,104.12830248157184,394.0300763630906
1751410200000,104.12830248157184,104.38745661292182,103.97286470223851,104.03208007417686,348.0094166545212
1751410500000,104.03208007417686,104.32686037224381,104.11126298946473,104.22595950308765,456.87444133402676
1751410800000,104.22595950308765,104.33449722493512,103.90036506964377,104.2011822504466,420.1588901725106
1751411100000,104.2011822504466,104.47747019156024,103.9888445651247,104.18517037132278,157.0970515616251
1751411400000,104.18517037132278,104.4692300208323,104.06543343410424,104.33926935985541,301.8462749493435
1751411700000,104.33926935985541,104.66947604527714,104.12925347235742,104.30917114202057,210.07629322402744
1751412000000,104.30917114202057,104.54005517586937,103.84464814148339,104.1551991677143,407.3109029128122
1751412300000,104.1551991677143,104.11951899627016,103.96035555934024,104.04795323637002,141.17251912103757
1751412600000,104.04795323637002,104.37758260714962,103.90256979519069,103.98044731820026,326.62575867556257
1751412900000,103.98044731820026,104.46560922696506,104.03865902849718,104.16853810180379,394.1565519465796
1751413200000,104.16853810180379,104.62512452074343,104.12869749499922,104.40151013927805,180.44823898747504
1751413500000,104.40151013927805,104.60665383529826,104.2748434891348,104.44088636907304,236.3153632639206
1751413800000,104.44088636907304,104.85980603650202,104.245707693242,104.57901965419958,420.2693166061495
1751414100000,104.57901965419958,104.5325498430304,103.97527145054546,104.29871049138247,173.39204213629776
1751414400000,104.29871049138247,104.7641611297922,104.07006173607003,104.36486580647936,132.71033467396228
1751414700000,104.36486580647936,104.63654658661667,104.09829921349755,104.35150951809783,283.346791192466
1751415000000,104.35150951809783,104.53013482919913,104.03305929475799,104.39140125760906,284.88840211622744
1751415300000,104.39140125760906,104.4281309631182,104.12774718286744,104.18206284902112,103.65888857436285
1751415600000,104.18206284902112,104.21221682400048,103.80693646578939,104.03911369014867,482.29718820514756
1751415900000,104.03911369014867,104.26031449277562,103.66086874947412,103.99504312855572,282.5650582412728
1751416200000,103.99504312855572,104.0435411720335,103.6644770797595,103.97856438867984,196.77959969308233
1751416500000,103.97856438867984,103.98049156012819,103.6072459133859,103.723383647652,300.6436374658023
1751416800000,103.723383647652,104.0512631993263,103.69932016717786,103.94944256538471,383.9609899870674
1751417100000,103.94944256538471,104.52069633636593,103.98489707948518,104.24824634137293,299.2984403013244
1751417400000,104.24824634137293,104.66047719230012,104.00243853553256,104.26855083402165,203.77090487875486
1751417700000,104.26855083402165,104.38167085500405,103.9426440267051,104.27178956813648,145.42086553667326
1751418000000,104.27178956813648,104.54672602356635,104.05722991656945,104.31774864054621,173.353439372719
1751418300000,104.31774864054621,104.58996921030008,103.99412703374304,104.3238383273301,430.51217417543904
1751418600000,104.3238383273301,104.5278567999356,104.2037994152762,104.42318997786843,191.0733528811375
1751418900000,104.42318997786843,104.47010611205195,104.18972500006576,104.24302501977603,447.0273867182923
1751419200000,104.24302501977603,104.19652302769094,103.66203013259997,103.97740859391124,137.6875618727742
1751419500000,103.97740859391124,104.06932136123173,103.62556901468503,104.01929760323641,418.4715752530542
1751419800000,104.01929760323641,104.27261198802486,103.83258949509377,104.09879250208994,416.2419876161183
1751420100000,104.09879250208994,104.23315109647828,103.83602882234996,104.12476408492913,228.31632127651682
1751420400000,104.12476408492913,104.38095405501477,103.74298738602096,104.09645976327415,111.44851247956326
1751420700000,104.09645976327415,103.87830389637341,103.41826621261296,103.63689798938103,197.9449558895998
1751421000000,103.63689798938103,104.2419207208741,103.80163839634325,104.00235808776762,397.24819406257734
1751421300000,104.00235808776762,104.43145557238768,104.03703092238051,104.12986645916176,414.2950741453344
1751421600000,104.12986645916176,104.12028274056388,103.47731244786006,103.74514176830264,457.48864552121125
1751421900000,103.74514176830264,104.00558470369417,103.56937776367074,103.74264517486762,472.87844293173305
1751422200000,103.74264517486762,103.75293114135307,103.18018685860683,103.56629942095796,438.9018382168276
1751422500000,103.56629942095796,103.49653320759879,103.23361945077458,103.41940444315688,476.23274017048163
1751422800000,103.41940444315688,103.5170630606354,102.78881983239819,103.15828713735108,182.43555775746887
1751423100000,103.15828713735108,103.19618899685868,102.80244955579249,102.92083823932141,137.87143219922876
1751423400000,102.92083823932141,102.88100211264003,102.45220687537294,102.75426717388764,158.43223425136938
1751423700000,102.75426717388764,103.09788872698967,102.67674312920784,102.74114972364963,178.3780427669447
1751424000000,102.74114972364963,102.49613754379047,102.08278192410795,102.35183607342562,433.50584066239725
1751424300000,102.35183607342562,103.0023608055502,102.37623348742157,102.60684382447023,163.03752930081365
1751424600000,102.60684382447023,102.65414434556614,102.16708357030888,102.28719679264645,139.25981943810234
1751424900000,102.28719679264645,102.14644146131312,101.65284704822204,101.98331441417459,115.17678486166264
1751425200000,101.98331441417459,102.01490553996938,101.43703709214415,101.63573553975999,133.33437692138597
1751425500000,101.63573553975999,101.95020510274713,101.44130217456788,101.73902082193202,379.7792033353149
1751425800000,101.73902082193202,102.06769796503139,101.49164544814082,101.87807215095009,300.43900772489417
1751426100000,101.87807215095009,102.23539986509655,101.74626787178866,102.11414769151546,364.3400764317031
1751426400000,102.11414769151546,102.44921746954105,102.06510773757682,102.18549575664535,268.6265885747631
1751426700000,102.18549575664535,102.5146438146896,101.91741332919426,102.25933876488862,215.6363316393668
1751427000000,102.25933876488862,102.38210485392631,102.1357875398278,102.3107715451701,482.74604315232943
1751427300000,102.3107715451701,102.5330799942868,101.99681519823098,102.29472548127794,385.28156855507115
1751427600000,102.29472548127794,102.17366352703979,101.56241567816832,101.93435344563477,366.1665421828293
1751427900000,101.93435344563477,102.11538466057611,101.60107509864626,101.80525383231178,127.05101756298505
1751428200000,101.80525383231178,101.88885397125578,101.67807733965861,101.80921159109661,280.077560672651
1751428500000,101.80921159109661,102.12360073154623,101.80331680517567,102.0235210358962,398.4468158946622
1751428800000,102.0235210358962,102.15000214072568,101.5416724106186,101.939187010348,314.3991129201932
1751429100000,101.939187010348,102.26408182668231,101.77109395000154,102.1093529493127,308.69024664302844
1751429400000,102.1093529493127,102.62897313767485,101.9349200771204,102.25297972354223,341.13805007104156
1751429700000,102.25297972354223,102.70859960857177,101.97470496987867,102.3263702876807,58.62441868811622
1751430000000,102.3263702876807,102.59976730228829,102.10890799784008,102.46689924948704,410.9370571049044
1751430300000,102.46689924948704,102.39091774787738,102.09279206363885,102.24094744029618,325.8297779474059
1751430600000,102.24094744029618,102.32188564147562,102.01384170349317,102.16574176799938,292.1013281881322
1751430900000,102.16574176799938,102.12592472610619,101.63818564996853,101.97879174276088,195.9337114402022
1751431200000,101.97879174276088,102.07809871696399,101.80191743168436,101.98364197690402,157.47924834687825
1751431500000,101.98364197690402,102.06152315688404,101.74423024207373,101.79612460866844,178.60433410594084
1751431800000,101.79612460866844,102.05350912809341,101.47916235963763,101.7240291026831,147.6109970380279
1751432100000,101.7240291026831,102.07362290789244,101.70288542870871,101.79852746443242,205.90665112956935
1751432400000,101.79852746443242,102.15763404684505,101.72087966162456,101.88874188308631,205.75821682905152
1751432700000,101.88874188308631,102.17229493854694,101.76889733820175,101.89603648814501,318.07669897665784
1751433000000,101.89603648814501,102.03802648951272,101.63509385894315,101.98343786815404,112.15567368871393
1751433300000,101.98343786815404,102.23072191264316,102.10142848529296,102.15712014883026,348.6494732760971
1751433600000,102.15712014883026,102.44236241604396,101.7942201878862,102.04530433065696,424.7776132037332
1751433900000,102.04530433065696,102.05869866903008,101.55560194035368,101.93315162338584,440.2722899928542
1751434200000,101.93315162338584,102.08615319598256,101.83511698373951,101.93795175530542,311.99031700144127
1751434500000,101.93795175530542,102.01288280340088,101.5742692989823,101.92853334749039,169.7805670527177
1751434800000,101.92853334749039,102.10831026629567,101.65704348426297,101.97780968247544,187.24325913302786
1751435100000,101.97780968247544,101.9047265525112,101.42465737170006,101.8216352179376,212.9697166278024
1751435400000,101.8216352179376,101.79748590575171,101.6026579757283,101.68038465528524,178.244732166089
1751435700000,101.68038465528524,102.23830785137216,101.79033483078382,102.07884321029714,292.08702841328295
1751436000000,102.07884321029714,102.52752411832013,101.92448457568004,102.23633263523952,135.2240857025326
1751436300000,102.23633263523952,101.88736535210936,101.69407707973498,101.78099935201165,128.9959654618388
1751436600000,101.78099935201165,102.15832789418417,101.4254688456431,101.82334053695345,287.27560779551413
1751436900000,101.82334053695345,101.7938486276165,101.60972684873495,101.73340587465026,280.1853399865612
1751437200000,101.73340587465026,102.28228744885516,101.68478573774819,102.04882073651703,365.4939176147912
1751437500000,102.04882073651703,102.29491194372457,101.72420458831793,101.93620490248146,186.931171692166
1751437800000,101.93620490248146,102.44051870547266,101.98216603567275,102.0528461603914,300.6486043685028
1751438100000,102.0528461603914,102.0192430520013,101.60962843283134,101.79008513793949,386.6730422441224
1751438400000,101.79008513793949,101.91745282517635,101.23848541931932,101.55672167922665,161.34014125688788
1751438700000,101.55672167922665,101.57357351055603,100.93508817764196,101.29287333486387,249.44358239773342
1751439000000,101.29287333486387,101.47051481031568,101.15212292493462,101.22276791455671,281.04251316679074
1751439300000,101.22276791455671,100.98319309188462,100.52953562737599,100.81845560689837,54.08723186045978
1751439600000,100.81845560689837,100.90687674013837,100.54174353894528,100.69212880953549,415.5385201529455
1751439900000,100.69212880953549,100.9553497290947,100.35355587651839,100.57548300311836,395.7781218941791
1751440200000,100.57548300311836,100.54700047659118,99.96539112525757,100.24966565184211,416.75558297300455
1751440500000,100.24966565184211,100.64169976924158,100.33575229624674,100.57717138049931,305.5927158900691
1751440800000,100.57717138049931,100.54139341898029,99.89416594695413,100.18486088716371,149.9644768239362
1751441100000,100.18486088716371,100.37885934879142,99.94490570991854,100.31522821415261,124.21207568173969
1751441400000,100.31522821415261,100.82077506656645,100.36607801825555,100.46030427767276,395.06327246947694
1751441700000,100.46030427767276,100.4545459531982,100.20740101970817,100.40095403567013,336.562962191972
1751442000000,100.40095403567013,100.45754308303661,99.98643583728897,100.38448409680146,280.0285114317562
1751442300000,100.38448409680146,100.43176556478998,100.02829255647266,100.13193201617355,483.9369909371885
1751442600000,100.13193201617355,100.58850735241484,99.90397870503526,100.24232413612678,445.21499944708745
1751442900000,100.24232413612678,100.4170350700037,100.2508290816203,100.30875867131297,128.16225318691085
1751443200000,100.30875867131297,100.58520757157987,100.34122897287384,100.45604034531938,431.26146304658863
1751443500000,100.45604034531938,100.8987516838578,100.36148971571161,100.5047282235302,138.45302468768244
1751443800000,100.5047282235302,100.56719364580039,100.16615812080414,100.39154988285394,488.5369501060415
1751444100000,100.39154988285394,100.77919051561086,100.09162078150548,100.43024977091683,235.97169267548932
1751444400000,100.43024977091683,100.85496169542662,100.24716757367118,100.48012439137221,71.80780935826714
1751444700000,100.48012439137221,100.54347884791738,100.00321141048344,100.27250068463599,355.47401433116846
1751445000000,100.27250068463599,100.34786023478136,100.087365251391,100.27638302494319,252.91545132482253
1751445300000,100.27638302494319,100.5001390448967,100.09980280660032,100.21005010342694,350.04651693283154
1751445600000,100.21005010342694,100.72460912864462,100.29879511438071,100.41134576046886,428.47059449521265
1751445900000,100.41134576046886,100.68343845393805,99.92101722639691,100.29253515154296,432.0559038157777
1751446200000,100.29253515154296,100.26092774922944,99.89248680113884,100.01866399550632,191.6020047510622
1751446500000,100.01866399550632,100.61950252327725,99.97452749562473,100.22551566974019,349.5862039747798
1751446800000,100.22551566974019,100.51417653444271,100.09800776268182,100.17345532026447,267.0258460540116
1751447100000,100.17345532026447,100.25925400940481,99.73256472095963,99.94619457382903,88.599462380891
1751447400000,99.94619457382903,100.37652415945284,99.90408336037471,100.06004999132635,123.89239408741088
1751447700000,100.06004999132635,100.6024465395701,100.25066567184935,100.3134024918437,456.0593454098944
1751448000000,100.3134024918437,100.59092806401111,100.25176437954092,100.3558811358693,372.2006425472974
1751448300000,100.3558811358693,100.22232313774384,99.62301481614226,99.9114050823147,200.95577284012677
1751448600000,99.9114050823147,99.67934829333626,99.37139669727884,99.59503668126881,281.44770980542444
1751448900000,99.59503668126881,99.90045668830356,99.17564141821363,99.56192158718375,432.3474588669
1751449200000,99.56192158718375,99.9539032250534,99.38950061566914,99.68953853832802,398.88819032769703
1751449500000,99.68953853832802,100.29733023462605,99.84164798562321,100.0895516650247,174.29929799044652
1751449800000,100.0895516650247,100.19397246361483,99.65407564290307,99.99407361759091,113.94010487712626
1751450100000,99.99407361759091,100.3219238000521,99.9690086584055,100.05851880923943,97.79362771339326
1751450400000,100.05851880923943,100.44791094042303,99.9520532107429,100.06499833314386,412.1037746790216
1751450700000,100.06499833314386,100.43159825957159,99.89565025060286,100.17993971218657,378.0889612935354
1751451000000,100.17993971218657,100.18739837539465,99.82511355126611,99.91168008242703,326.91272316224587
1751451300000,99.91168008242703,100.49171047414151,100.21882895856767,100.44101352488018,241.15339381657185
1751451600000,100.44101352488018,100.54756887606844,100.11917535119693,100.21071167647523,227.72100798699557
1751451900000,100.21071167647523,100.48039942532188,99.82739027459465,100.19696279999593,356.59698518451347
1751452200000,100.19696279999593,100.62259579589642,100.39406137469692,100.48702148972976,131.88113698892425
1751452500000,100.48702148972976,100.4733966624823,100.04761023169209,100.24253314849099,166.61688457361913
1751452800000,100.24253314849099,100.37745639235409,99.97054684765524,100.20207208107874,461.0206667701537
1751453100000,100.20207208107874,100.07166305679732,99.56171858438645,99.85954461672378,474.51809147953156
1751453400000,99.85954461672378,99.8626472996023,99.65518188550125,99.79680273960517,378.94231412040295
1751453700000,99.79680273960517,99.83668042070171,99.34011140903358,99.64260590252033,78.1642251237472
1751454000000,99.64260590252033,99.51487319626158,99.14308453421258,99.42837355618877,265.56406599593004
1751454300000,99.42837355618877,99.52956320618667,99.11984008779113,99.20760253853037,334.20859076156444
1751454600000,99.20760253853037,99.40329339613427,98.70699010794118,99.0882796933061,80.10946442531646
1751454900000,99.0882796933061,99.17004201032492,98.61813892368635,98.91872867933026,395.27528298313985
1751455200000,98.91872867933026,99.12225710328494,98.71772252940454,98.86381229163703,321.98897585639827
1751455500000,98.86381229163703,99.50868609104194,98.87187184664258,99.12410668754221,355.210985719103
1751455800000,99.12410668754221,99.15227614704376,98.76939467936892,98.97351533565244,395.81273836270594
1751456100000,98.97351533565244,99.46380234055884,98.83619093929086,99.13412833088465,145.16886652053628
1751456400000,99.13412833088465,99.26402084334231,98.5874407177264,98.94026572692427,212.27920042937262
1751456700000,98.94026572692427,99.0174742489786,98.46152757910255,98.79702522351899,461.32858355512406
1751457000000,98.79702522351899,98.76805213550837,98.55488455682091,98.66457702790035,200.6091290903113
1751457300000,98.66457702790035,98.96616791265205,98.39648143124653,98.7885776015086,382.0416015267919
1751457600000,98.7885776015086,99.25994398894277,98.91552142844058,99.13614877156037,70.25556523398872
1751457900000,99.13614877156037,98.98412317512657,98.65067210899782,98.8838341670573,220.19948273018892
1751458200000,98.8838341670573,99.10410867976205,98.82879011908673,99.02904112438327,99.56917713287422
1751458500000,99.02904112438327,99.00140295846059,98.71368157984101,98.89943151483531,443.40283107659855
1751458800000,98.89943151483531,98.90147097831847,98.7348705595166,98.84625604251337,161.10162144157562
1751459100000,98.84625604251337,98.87758789007206,98.622271543651,98.80406295106155,115.81974886505095
1751459400000,98.80406295106155,98.7417530362657,98.40160480405052,98.58648279007528,81.99826020079355
1751459700000,98.58648279007528,99.15471903417183,98.79294372368997,98.89210075602634,264.6397838086124
1751460000000,98.89210075602634,99.0742330397308,98.69622101443012,98.85387618193411,479.5717728441626
1751460300000,98.85387618193411,99.0775290491077,98.59393534973394,98.72223476105181,296.5312817627165
1751460600000,98.72223476105181,99.11931457955129,98.58974474079878,98.83259279977361,492.5905671464762
1751460900000,98.83259279977361,99.04251151088371,98.57415152757432,98.65690853506668,405.252874756063
1751461200000,98.65690853506668,98.95395271389489,98.56486121426538,98.86389647630685,116.9940694181773
1751461500000,98.86389647630685,98.96040921814199,98.57630736051465,98.81124626080756,459.89837826903664
1751461800000,98.81124626080756,98.74157542601706,98.19753961971527,98.37370785971281,469.0700651646825
1751462100000,98.37370785971281,98.42911083165947,98.2138790185168,98.26797071658675,412.8165263229447
1751462400000,98.26797071658675,98.53919971391943,98.09110654664237,98.2349224115635,412.4651815153515
1751462700000,98.2349224115635,98.22092621804303,97.65504047990369,97.9809048037649,233.96971876055022
1751463000000,97.9809048037649,98.26805203973224,97.5760220413897,97.87517413411017,415.4199923268438
1751463300000,97.87517413411017,98.5662746528381,98.10598424646994,98.16653977284679,171.51952641129634
1751463600000,98.16653977284679,98.66465380044002,98.18388216535462,98.38397970604645,217.24904872392142
1751463900000,98.38397970604645,99.14834267421253,98.44477420346729,98.8038623008602,405.5314004686487
1751464200000,98.8038623008602,99.17073076973553,98.62708546115788,98.82733444491762,413.29202149636075
1751464500000,98.82733444491762,98.28286648809612,98.05474747989565,98.18846167597435,433.92374962393774
1751464800000,98.18846167597435,98.76042114526183,98.41613860725522,98.48276268633273,400.2080375289563
1751465100000,98.48276268633273,98.27506393303084,97.74671138337713,98.0948138165556,297.2139528449211
1751465400000,98.0948138165556,98.52751526759518,98.00370614567535,98.15915316555217,79.04900222067884
1751465700000,98.15915316555217,98.30647714220166,97.89503165904885,98.12664686545821,315.13646158146065
1751466000000,98.12664686545821,98.26676128713886,97.91231897810037,98.09028290490812,169.9248180832355
1751466300000,98.09028290490812,98.2905073134409,97.9437383232621,98.0375100515883,314.1717807917217
1751466600000,98.0375100515883,98.45516279489539,97.81859457843649,98.10383700425689,423.625357043079
1751466900000,98.10383700425689,98.2635291755167,97.8173364409789,98.14594623202251,93.78234685526041
1751467200000,98.14594623202251,98.25524637785988,97.6929904262319,97.98725635297949,459.3888256078794
1751467500000,97.98725635297949,98.16651367817857,97.70296785637603,97.79818717249472,479.20169764560313
1751467800000,97.79818717249472,97.85820522532907,97.54802827252426,97.67697938922764,277.2604737547406
1751468100000,97.67697938922764,97.78188921988682,97.53684078436726,97.71115194324372,336.46486510668217
1751468400000,97.71115194324372,97.70651079491121,97.4547180345439,97.56030434800725,319.19162706979637
1751468700000,97.56030434800725,97.87329561263934,97.5122862252084,97.60234194516339,453.2021244091525
1751469000000,97.60234194516339,97.87091215743591,97.48002040796442,97.62562168353693,280.61701384181947
1751469300000,97.62562168353693,98.02486535819061,97.44422202414196,97.6655434426026,266.75725010228655
1751469600000,97.6655434426026,97.72931453886359,97.32761121417481,97.49594954797323,313.155829668036
1751469900000,97.49594954797323,97.79197754636691,97.1239326063713,97.4854750985397,339.51318988685364
1751470200000,97.4854750985397,97.79002826505099,97.39534018381892,97.62384108237282,175.67207097810916
1751470500000,97.62384108237282,97.64687728224546,97.30936568369246,97.53605675826152,388.04412079413333
1751470800000,97.53605675826152,97.64530960546631,97.24464099112834,97.43760665744587,151.3761179079677
1751471100000,97.43760665744587,97.63658075985124,97.16809795638049,97.24231251377417,116.64311089524382
1751471400000,97.24231251377417,97.62758302534023,97.43910216328057,97.53362383739378,176.99195103608008
1751471700000,97.53362383739378,97.25495172442366,96.88141464952484,97.16285810541889,219.55498636490378
1751472000000,97.16285810541889,97.05334277821608,96.85094539171708,96.96750617159067,448.19537694216245
1751472300000,96.96750617159067,97.1220944310168,96.94575138900521,97.04385762804202,337.3675465445403
1751472600000,97.04385762804202,97.35862504880463,96.84284356849332,97.11464396787123,79.39855083636186
1751472900000,97.11464396787123,97.15402701029349,96.63319509952159,96.88946343268864,274.31152673216275
1751473200000,96.88946343268864,97.14122728081526,96.56512661841519,96.77138506185115,468.7984347646873
1751473500000,96.77138506185115,97.06589129911166,96.73083492727275,96.92655199114941,255.10708520604615
1751473800000,96.92655199114941,97.10928528553384,96.59650889550178,96.75557445218097,493.59248752390744
1751474100000,96.75557445218097,96.96362197448578,96.31914208120605,96.59501700454896,62.526204567226536
1751474400000,96.59501700454896,96.91756134607249,96.42882106368695,96.7056138735114,104.64173674143201
1751474700000,96.7056138735114,96.83396408150604,96.52076596310779,96.66042767935879,475.4090218530439
1751475000000,96.66042767935879,96.69411674441399,96.37576346160998,96.56116197846076,291.8542468600222
1751475300000,96.56116197846076,96.36218983226782,96.14224325602083,96.27753993382964,359.5190346749913
1751475600000,96.27753993382964,96.20290599264766,95.9449557134549,96.13317038477118,434.077895150173
1751475900000,96.13317038477118,96.27827252702461,95.67409009550967,96.00370771378616,59.1379959882227
1751476200000,96.00370771378616,96.31326710621803,95.87811529253453,96.0228941718814,450.51755247898416
1751476500000,96.0228941718814,96.33573841057346,95.74999995398092,95.94297278434613,169.20169529069221
1751476800000,95.94297278434613,96.03599390209122,95.45409450366778,95.71979815438692,158.3966751241204
1751477100000,95.71979815438692,95.87591680236126,95.4239291664005,95.52855810415426,480.7132103260697
1751477400000,95.52855810415426,95.49071593566691,95.32797030160033,95.43249388450802,321.07903479060894
1751477700000,95.43249388450802,95.4997360840935,95.10143380057951,95.43370918469024,93.39369292947751
